Workbook

Sheet מקרא
A1: קובץ איתור חוות ומשקים — דרום הארץ
A2: פרויקט לא ינום · עמותת ארצנו
A4: מבנה הקובץ — שורה אחת לכל חווה, לא לכל יישוב
A5: ביישוב אחד יכולים לפעול כמה חקלאים עצמאיים, כל אחד עם השטחים וההסכם שלו.
A6: להוספת חווה נוספת באותו יישוב: לשכפל את השורה ולשנות שם החווה ושם החקלאי.
A7: עמודות היישוב (יישוב, סמל, מועצה, קואורדינטות) נשארות זהות בשכפול.
A9: מקדם שקלול
A10: מקדם לשטח מעובד | B10: 1
A11: מקדם לשטח מרעה | B11: 0.02
A12: (יחס 1:50 — כל 50 דונם מרעה נספרים כדונם אחד)
A14: יעד
A15: יעד דונם משוקלל | B15: 100000
A16: נאסף עד כה | B16: =SUM(רשימה!V2:V800) -> 0
A17: אחוז מהיעד | B17: =IFERROR(B16/B15,0) -> 0
A19: צבעי העמודות
A20: כחול | B20: זהות החווה — שם החווה ושם החקלאי. אלה שדות המפתח.
A21: צהוב | B21: למילוי ידני בשטח.
A22: ירוק | B22: מחושב אוטומטית — לא לגעת.
A23: כתום | B23: הערכת סדר גודל ליישוב כולו, לא לחווה. אינה נתון רשמי.
A24: לבן | B24: נתוני יישוב מאומתים מהלמ״ס — שם, סמל, מועצה, קואורדינטות.
A26: שם המקום
A27: נבנה אוטומטית בתבנית של העמותה:
A28: שם החווה + שם החקלאי | B28: חוות ארץ השמש - החווה של עשהאל קורניץ
A29: רק שם החקלאי | B29: החווה של אביה לינגר
A30: אף אחד מהם | B30: שם היישוב, עד שיתמלא
A32: סוגי הסכמי קרקע
A33: חוזה חכירה לדורות | B33: הזכות החזקה. 4 תקופות מתחדשות של 49 שנה. רמ״י.
A34: חוזה שכירות משבצת (תלת-צדדי) | B34: רמ״י + הסוכנות + האגודה. מתחדש כל 3 שנים.
A35: הסכם הרשאה לרעייה | B35: בר-רשות בלבד. זכות חלשה, קצובה, לא עבירה ולא ניתנת להורשה.
A36: הצהרת חקלאים בלבד | B36: אינו מסמך זכויות. לא מספיק לאימות הבעלות על הקרקע.
A38: מקורות
A39: רשימות יישובים וטלפוני מועצות | B39: mhh.org.il/maparea
A40: סמל יישוב וקואורדינטות | B40: קובץ היישובים של הלמ״ס 2021

Sheet רשימה
A1: מס' | B1: שם המקום (כפי שיישלח אליהם) | C1: שם החווה | D1: שם החקלאי | E1: נייד החקלאי | F1: מייל חקלאי | G1: סוג הישות המשפטית | H1: ארגון מאגד (אגודה/גד״ש/שח״ם) | I1: יישוב | J1: סמל יישוב (למ״ס) | K1: סוג יישוב | L1: מועצה אזורית | M1: אזור (באפליקציה) | N1: טלפון מרכזיית המועצה | O1: איש קשר (מועצה/אגודה) | P1: נייד — איש קשר | Q1: סוג פעילות | R1: אומדן ליישוב כולו (דונם) — הערכה | S1: שטח מעובד (דונם) | T1: שטח מרעה (דונם) | U1: שטחים שמירה (דונם) | V1: דונם משוקלל | W1: הסכם רעיה/חכירה | X1: תאריך תפוגה הסכם קרקע | Y1: כמות מתנדבים קבועים | Z1: סטטוס | AA1: עדיפות (1-3) | AB1: קו רוחב | AC1: קו אורך | AD1: Google Maps | AE1: Waze | AF1: הערות
A2: 1 | B2: =IF(C2="",IF(D2="",I2,"החווה של "&D2),IF(D2="",C2,C2&" - החווה של "&D2)) -> טללים | I2: טללים | J2: 1177 | K2: קיבוץ | L2: רמת הנגב | M2: הנגב | N2: 08-6564111 | R2: 9000 | V2: =IF(AND(S2="",T2=""),"",IFERROR(N(S2)*מקרא!$B$10+N(T2)*מקרא!$B$11,"")) | AB2: 30.99206 | AC2: 34.76999 | AD2: מפה | AE2: Waze
A3: 2 | B3: =IF(C3="",IF(D3="",I3,"החווה של "&D3),IF(D3="",C3,C3&" - החווה של "&D3)) -> משאבי שדה | I3: משאבי שדה | J3: 421 | K3: קיבוץ | L3: רמת הנגב | M3: הנגב | N3: 08-6564111 | R3: 9000 | V3: =IF(AND(S3="",T3=""),"",IFERROR(N(S3)*מקרא!$B$10+N(T3)*מקרא!$B$11,"")) | AB3: 31.00321 | AC3: 34.78617 | AD3: מפה | AE3: Waze
A4: 3 | B4: =IF(C4="",IF(D4="",I4,"החווה של "&D4),IF(D4="",C4,C4&" - החווה של "&D4)) -> רביבים | I4: רביבים | J4: 354 | K4: קיבוץ | L4: רמת הנגב | M4: הנגב | N4: 08-6564111 | R4: 9000 | V4: =IF(AND(S4="",T4=""),"",IFERROR(N(S4)*מקרא!$B$10+N(T4)*מקרא!$B$11,"")) | AB4: 31.04393 | AC4: 34.72177 | AD4: מפה | AE4: Waze
A5: 4 | B5: =IF(C5="",IF(D5="",I5,"החווה של "&D5),IF(D5="",C5,C5&" - החווה של "&D5)) -> רתמים | I5: רתמים | J5: 1260 | K5: קיבוץ | L5: רמת הנגב | M5: הנגב | N5: 08-6564111 | R5: 9000 | V5: =IF(AND(S5="",T5=""),"",IFERROR(N(S5)*מקרא!$B$10+N(T5)*מקרא!$B$11,"")) | AB5: 31.05373 | AC5: 34.68967 | AD5: מפה | AE5: Waze
A6: 5 | B6: =IF(C6="",IF(D6="",I6,"החווה של "&D6),IF(D6="",C6,C6&" - החווה של "&D6)) -> שדה בוקר | I6: שדה בוקר | J6: 885 | K6: קיבוץ | L6: רמת הנגב | M6: הנגב | N6: 08-6564111 | R6: 9000 | V6: =IF(AND(S6="",T6=""),"",IFERROR(N(S6)*מקרא!$B$10+N(T6)*מקרא!$B$11,"")) | AB6: 30.87326 | AC6: 34.79311 | AD6: מפה | AE6: Waze
A7: 6 | B7: =IF(C7="",IF(D7="",I7,"החווה של "&D7),IF(D7="",C7,C7&" - החווה של "&D7)) -> כמהין | I7: כמהין | J7: 1291 | K7: מושב | L7: רמת הנגב | M7: הנגב | N7: 08-6564111 | R7: 3250 | V7: =IF(AND(S7="",T7=""),"",IFERROR(N(S7)*מקרא!$B$10+N(T7)*מקרא!$B$11,"")) | AB7: 30.91066 | AC7: 34.43143 | AD7: מפה | AE7: Waze
A8: 7 | B8: =IF(C8="",IF(D8="",I8,"החווה של "&D8),IF(D8="",C8,C8&" - החווה של "&D8)) -> קדש ברנע | I8: קדש ברנע | K8: מושב | L8: רמת הנגב | M8: הנגב | N8: 08-6564111 | R8: 3250 | V8: =IF(AND(S8="",T8=""),"",IFERROR(N(S8)*מקרא!$B$10+N(T8)*מקרא!$B$11,"")) | AD8: מפה | AE8: Waze
A9: 8 | B9: =IF(C9="",IF(D9="",I9,"החווה של "&D9),IF(D9="",C9,C9&" - החווה של "&D9)) -> עזוז | I9: עזוז | J9: 328 | K9: יישוב קהילתי | L9: רמת הנגב | M9: הנגב | N9: 08-6564111 | R9: 700 | V9: =IF(AND(S9="",T9=""),"",IFERROR(N(S9)*מקרא!$B$10+N(T9)*מקרא!$B$11,"")) | AB9: 30.7923 | AC9: 34.47271 | AD9: מפה | AE9: Waze
A10: 9 | B10: =IF(C10="",IF(D10="",I10,"החווה של "&D10),IF(D10="",C10,C10&" - החווה של "&D10)) -> אשלים | I10: אשלים | J10: 1152 | K10: יישוב קהילתי | L10: רמת הנגב | M10: הנגב | N10: 08-6564111 | R10: 700 | V10: =IF(AND(S10="",T10=""),"",IFERROR(N(S10)*מקרא!$B$10+N(T10)*מקרא!$B$11,"")) | AB10: 30.96448 | AC10: 34.69999 | AD10: מפה | AE10: Waze
A11: 10 | B11: =IF(C11="",IF(D11="",I11,"החווה של "&D11),IF(D11="",C11,C11&" - החווה של "&D11)) -> חוות בודדים — רמת נגב (כ-23 חוות) | I11: חוות בודדים — רמת נגב (כ-23 חוות) | K11: חוות בודדים | L11: רמת הנגב | M11: הנגב | N11: 08-6564111 | R11: 17500 | V11: =IF(AND(S11="",T11=""),"",IFERROR(N(S11)*מקרא!$B$10+N(T11)*מקרא!$B$11,"")) | AD11: מפה | AE11: Waze | AF11: לבקש את הרשימה השמית מהמועצה — פוטנציאל מרעה גדול
A12: 11 | B12: =IF(C12="",IF(D12="",I12,"החווה של "&D12),IF(D12="",C12,C12&" - החווה של "&D12)) -> אורים | I12: אורים | J12: 403 | K12: קיבוץ | L12: אשכול | M12: הנגב | N12: 08-9929111 | R12: 9000 | V12: =IF(AND(S12="",T12=""),"",IFERROR(N(S12)*מקרא!$B$10+N(T12)*מקרא!$B$11,"")) | AB12: 31.30413 | AC12: 34.52256 | AD12: מפה | AE12: Waze | AF12: מועצת עוטף עזה
A13: 12 | B13: =IF(C13="",IF(D13="",I13,"החווה של "&D13),IF(D13="",C13,C13&" - החווה של "&D13)) -> בארי | I13: בארי | J13: 399 | K13: קיבוץ | L13: אשכול | M13: הנגב | N13: 08-9929111 | R13: 9000 | V13: =IF(AND(S13="",T13=""),"",IFERROR(N(S13)*מקרא!$B$10+N(T13)*מקרא!$B$11,"")) | AB13: 31.42382 | AC13: 34.49078 | AD13: מפה | AE13: Waze | AF13: מועצת עוטף עזה
A14: 13 | B14: =IF(C14="",IF(D14="",I14,"החווה של "&D14),IF(D14="",C14,C14&" - החווה של "&D14)) -> גבולות | I14: גבולות | J14: 352 | K14: קיבוץ | L14: אשכול | M14: הנגב | N14: 08-9929111 | R14: 9000 | V14: =IF(AND(S14="",T14=""),"",IFERROR(N(S14)*מקרא!$B$10+N(T14)*מקרא!$B$11,"")) | AB14: 31.21083 | AC14: 34.46541 | AD14: מפה | AE14: Waze | AF14: מועצת עוטף עזה
A15: 14 | B15: =IF(C15="",IF(D15="",I15,"החווה של "&D15),IF(D15="",C15,C15&" - החווה של "&D15)) -> חולית | I15: חולית | J15: 1239 | K15: קיבוץ | L15: אשכול | M15: הנגב | N15: 08-9929111 | R15: 9000 | V15: =IF(AND(S15="",T15=""),"",IFERROR(N(S15)*מקרא!$B$10+N(T15)*מקרא!$B$11,"")) | AB15: 31.23061 | AC15: 34.32567 | AD15: מפה | AE15: Waze | AF15: מועצת עוטף עזה
A16: 15 | B16: =IF(C16="",IF(D16="",I16,"החווה של "&D16),IF(D16="",C16,C16&" - החווה של "&D16)) -> כיסופים | I16: כיסופים | J16: 840 | K16: קיבוץ | L16: אשכול | M16: הנגב | N16: 08-9929111 | R16: 9000 | V16: =IF(AND(S16="",T16=""),"",IFERROR(N(S16)*מקרא!$B$10+N(T16)*מקרא!$B$11,"")) | AB16: 31.37521 | AC16: 34.39906 | AD16: מפה | AE16: Waze | AF16: מועצת עוטף עזה
A17: 16 | B17: =IF(C17="",IF(D17="",I17,"החווה של "&D17),IF(D17="",C17,C17&" - החווה של "&D17)) -> כרם שלום | I17: כרם שלום | J17: 1085 | K17: קיבוץ | L17: אשכול | M17: הנגב | N17: 08-9929111 | R17: 9000 | V17: =IF(AND(S17="",T17=""),"",IFERROR(N(S17)*מקרא!$B$10+N(T17)*מקרא!$B$11,"")) | AB17: 31.2277 | AC17: 34.28424 | AD17: מפה | AE17: Waze | AF17: מועצת עוטף עזה
A18: 17 | B18: =IF(C18="",IF(D18="",I18,"החווה של "&D18),IF(D18="",C18,C18&" - החווה של "&D18)) -> מגן | I18: מגן | J18: 695 | K18: קיבוץ | L18: אשכול | M18: הנגב | N18: 08-9929111 | R18: 9000 | V18: =IF(AND(S18="",T18=""),"",IFERROR(N(S18)*מקרא!$B$10+N(T18)*מקרא!$B$11,"")) | AB18: 31.29971 | AC18: 34.42691 | AD18: מפה | AE18: Waze | AF18: מועצת עוטף עזה
A19: 18 | B19: =IF(C19="",IF(D19="",I19,"החווה של "&D19),IF(D19="",C19,C19&" - החווה של "&D19)) -> ניר יצחק | I19: ניר יצחק | J19: 402 | K19: קיבוץ | L19: אשכול | M19: הנגב | N19: 08-9929111 | R19: 9000 | V19: =IF(AND(S19="",T19=""),"",IFERROR(N(S19)*מקרא!$B$10+N(T19)*מקרא!$B$11,"")) | AB19: 31.23768 | AC19: 34.35762 | AD19: מפה | AE19: Waze | AF19: מועצת עוטף עזה
A20: 19 | B20: =IF(C20="",IF(D20="",I20,"החווה של "&D20),IF(D20="",C20,C20&" - החווה של "&D20)) -> ניר עוז | I20: ניר עוז | J20: 69 | K20: קיבוץ | L20: אשכול | M20: הנגב | N20: 08-9929111 | R20: 9000 | V20: =IF(AND(S20="",T20=""),"",IFERROR(N(S20)*מקרא!$B$10+N(T20)*מקרא!$B$11,"")) | AB20: 31.31074 | AC20: 34.40171 | AD20: מפה | AE20: Waze | AF20: מועצת עוטף עזה
A21: 20 | B21: =IF(C21="",IF(D21="",I21,"החווה של "&D21),IF(D21="",C21,C21&" - החווה של "&D21)) -> נירים | I21: נירים | J21: 602 | K21: קיבוץ | L21: אשכול | M21: הנגב | N21: 08-9929111 | R21: 9000 | V21: =IF(AND(S21="",T21=""),"",IFERROR(N(S21)*מקרא!$B$10+N(T21)*מקרא!$B$11,"")) | AB21: 31.33595 | AC21: 34.39488 | AD21: מפה | AE21: Waze | AF21: מועצת עוטף עזה
A22: 21 | B22: =IF(C22="",IF(D22="",I22,"החווה של "&D22),IF(D22="",C22,C22&" - החווה של "&D22)) -> סופה | I22: סופה | J22: 1238 | K22: קיבוץ | L22: אשכול | M22: הנגב | N22: 08-9929111 | R22: 9000 | V22: =IF(AND(S22="",T22=""),"",IFERROR(N(S22)*מקרא!$B$10+N(T22)*מקרא!$B$11,"")) | AB22: 31.2373 | AC22: 34.34209 | AD22: מפה | AE22: Waze | AF22: מועצת עוטף עזה
A23: 22 | B23: =IF(C23="",IF(D23="",I23,"החווה של "&D23),IF(D23="",C23,C23&" - החווה של "&D23)) -> עין השלושה | I23: עין השלושה | J23: 676 | K23: קיבוץ | L23: אשכול | M23: הנגב | N23: 08-9929111 | R23: 9000 | V23: =IF(AND(S23="",T23=""),"",IFERROR(N(S23)*מקרא!$B$10+N(T23)*מקרא!$B$11,"")) | AB23: 31.35141 | AC23: 34.40158 | AD23: מפה | AE23: Waze | AF23: מועצת עוטף עזה
... A43: 42 | B43: =IF(C43="",IF(D43="",I43,"החווה של "&D43),IF(D43="",C43,C43&" - החווה של "&D43)) -> אבשלום | I43: אבשלום | J43: 1311 | K43: יישוב קהילתי | L43: אשכול | M43: הנגב | N43: 08-9929111 | R43: 700 | V43: =IF(AND(S43="",T43=""),"",IFERROR(N(S43)*מקרא!$B$10+N(T43)*מקרא!$B$11,"")) | AB43: 31.19556 | AC43: 34.33082 | AD43: מפה | AE43: Waze | AF43: מועצת עוטף עזה
A44: 43 | B44: =IF(C44="",IF(D44="",I44,"החווה של "&D44),IF(D44="",C44,C44&" - החווה של "&D44)) -> אשבול | I44: אשבול | J44: 71 | K44: מושב | L44: מרחבים | M44: הנגב | N44: 08-9929444 | R44: 3250 | V44: =IF(AND(S44="",T44=""),"",IFERROR(N(S44)*מקרא!$B$10+N(T44)*מקרא!$B$11,"")) | AB44: 31.44749 | AC44: 34.66596 | AD44: מפה | AE44: Waze
A45: 44 | B45: =IF(C45="",IF(D45="",I45,"החווה של "&D45),IF(D45="",C45,C45&" - החווה של "&D45)) -> בטחה | I45: בטחה | J45: 762 | K45: מושב | L45: מרחבים | M45: הנגב | N45: 08-9929444 | R45: 3250 | V45: =IF(AND(S45="",T45=""),"",IFERROR(N(S45)*מקרא!$B$10+N(T45)*מקרא!$B$11,"")) | AB45: 31.33425 | AC45: 34.63246 | AD45: מפה | AE45: Waze
A46: 45 | B46: =IF(C46="",IF(D46="",I46,"החווה של "&D46),IF(D46="",C46,C46&" - החווה של "&D46)) -> גילת | I46: גילת | J46: 736 | K46: מושב | L46: מרחבים | M46: הנגב | N46: 08-9929444 | R46: 3250 | V46: =IF(AND(S46="",T46=""),"",IFERROR(N(S46)*מקרא!$B$10+N(T46)*מקרא!$B$11,"")) | AB46: 31.32793 | AC46: 34.65193 | AD46: מפה | AE46: Waze
A47: 46 | B47: =IF(C47="",IF(D47="",I47,"החווה של "&D47),IF(D47="",C47,C47&" - החווה של "&D47)) -> מסלול | I47: מסלול | J47: 748 | K47: מושב | L47: מרחבים | M47: הנגב | N47: 08-9929444 | R47: 3250 | V47: =IF(AND(S47="",T47=""),"",IFERROR(N(S47)*מקרא!$B$10+N(T47)*מקרא!$B$11,"")) | AB47: 31.32431 | AC47: 34.58944 | AD47: מפה | AE47: Waze
A48: 47 | B48: =IF(C48="",IF(D48="",I48,"החווה של "&D48),IF(D48="",C48,C48&" - החווה של "&D48)) -> ניר משה | I48: ניר משה | J48: 2047 | K48: מושב | L48: מרחבים | M48: הנגב | N48: 08-9929444 | R48: 3250 | V48: =IF(AND(S48="",T48=""),"",IFERROR(N(S48)*מקרא!$B$10+N(T48)*מקרא!$B$11,"")) | AB48: 31.47746 | AC48: 34.63085 | AD48: מפה | AE48: Waze
A49: 48 | B49: =IF(C49="",IF(D49="",I49,"החווה של "&D49),IF(D49="",C49,C49&" - החווה של "&D49)) -> ניר עקיבא | I49: ניר עקיבא | J49: 2048 | K49: מושב | L49: מרחבים | M49: הנגב | N49: 08-9929444 | R49: 3250 | V49: =IF(AND(S49="",T49=""),"",IFERROR(N(S49)*מקרא!$B$10+N(T49)*מקרא!$B$11,"")) | AB49: 31.46987 | AC49: 34.64658 | AD49: מפה | AE49: Waze
A50: 49 | B50: =IF(C50="",IF(D50="",I50,"החווה של "&D50),IF(D50="",C50,C50&" - החווה של "&D50)) -> פדויים | I50: פדויים | J50: 750 | K50: מושב | L50: מרחבים | M50: הנגב | N50: 08-9929444 | R50: 3250 | V50: =IF(AND(S50="",T50=""),"",IFERROR(N(S50)*מקרא!$B$10+N(T50)*מקרא!$B$11,"")) | AB50: 31.32685 | AC50: 34.61107 | AD50: מפה | AE50: Waze
A51: 50 | B51: =IF(C51="",IF(D51="",I51,"החווה של "&D51),IF(D51="",C51,C51&" - החווה של "&D51)) -> פטיש | I51: פטיש | J51: 749 | K51: מושב | L51: מרחבים | M51: הנגב | N51: 08-9929444 | R51: 3250 | V51: =IF(AND(S51="",T51=""),"",IFERROR(N(S51)*מקרא!$B$10+N(T51)*מקרא!$B$11,"")) | AB51: 31.32733 | AC51: 34.56001 | AD51: מפה | AE51: Waze
A52: 51 | B52: =IF(C52="",IF(D52="",I52,"החווה של "&D52),IF(D52="",C52,C52&" - החווה של "&D52)) -> פעמי תש"ז | I52: פעמי תש"ז | J52: 2059 | K52: מושב | L52: מרחבים | M52: הנגב | N52: 08-9929444 | R52: 3250 | V52: =IF(AND(S52="",T52=""),"",IFERROR(N(S52)*מקרא!$B$10+N(T52)*מקרא!$B$11,"")) | AB52: 31.43912 | AC52: 34.69273 | AD52: מפה | AE52: Waze
A53: 52 | B53: =IF(C53="",IF(D53="",I53,"החווה של "&D53),IF(D53="",C53,C53&" - החווה של "&D53)) -> קלחים | I53: קלחים | J53: 414 | K53: מושב | L53: מרחבים | M53: הנגב | N53: 08-9929444 | R53: 3250 | V53: =IF(AND(S53="",T53=""),"",IFERROR(N(S53)*מקרא!$B$10+N(T53)*מקרא!$B$11,"")) | AB53: 31.44935 | AC53: 34.67784 | AD53: מפה | AE53: Waze
A54: 53 | B54: =IF(C54="",IF(D54="",I54,"החווה של "&D54),IF(D54="",C54,C54&" - החווה של "&D54)) -> רנן | I54: רנן | J54: 789 | K54: מושב | L54: מרחבים | M54: הנגב | N54: 08-9929444 | R54: 3250 | V54: =IF(AND(S54="",T54=""),"",IFERROR(N(S54)*מקרא!$B$10+N(T54)*מקרא!$B$11,"")) | AB54: 31.33799 | AC54: 34.60133 | AD54: מפה | AE54: Waze
A55: 54 | B55: =IF(C55="",IF(D55="",I55,"החווה של "&D55),IF(D55="",C55,C55&" - החווה של "&D55)) -> שדה צבי | I55: שדה צבי | J55: 2049 | K55: מושב | L55: מרחבים | M55: הנגב | N55: 08-9929444 | R55: 3250 | V55: =IF(AND(S55="",T55=""),"",IFERROR(N(S55)*מקרא!$B$10+N(T55)*מקרא!$B$11,"")) | AB55: 31.44876 | AC55: 34.71224 | AD55: מפה | AE55: Waze
... A87: 86 | B87: =IF(C87="",IF(D87="",I87,"החווה של "&D87),IF(D87="",C87,C87&" - החווה של "&D87)) -> תושיה | I87: תושיה | J87: 1083 | K87: יישוב קהילתי | L87: שדות נגב | M87: הנגב | N87: 08-9938933 | R87: 700 | V87: =IF(AND(S87="",T87=""),"",IFERROR(N(S87)*מקרא!$B$10+N(T87)*מקרא!$B$11,"")) | AB87: 31.43374 | AC87: 34.54087 | AD87: מפה | AE87: Waze
A88: 87 | B88: =IF(C88="",IF(D88="",I88,"החווה של "&D88),IF(D88="",C88,C88&" - החווה של "&D88)) -> אור הנר | I88: אור הנר | J88: 67 | K88: קיבוץ | L88: שער הנגב | M88: הנגב | N88: 08-6806225 | R88: 9000 | V88: =IF(AND(S88="",T88=""),"",IFERROR(N(S88)*מקרא!$B$10+N(T88)*מקרא!$B$11,"")) | AB88: 31.55704 | AC88: 34.59951 | AD88: מפה | AE88: Waze | AF88: מועצת עוטף עזה
A89: 88 | B89: =IF(C89="",IF(D89="",I89,"החווה של "&D89),IF(D89="",C89,C89&" - החווה של "&D89)) -> ארז | I89: ארז | J89: 714 | K89: קיבוץ | L89: שער הנגב | M89: הנגב | N89: 08-6806225 | R89: 9000 | V89: =IF(AND(S89="",T89=""),"",IFERROR(N(S89)*מקרא!$B$10+N(T89)*מקרא!$B$11,"")) | AB89: 31.56022 | AC89: 34.56642 | AD89: מפה | AE89: Waze | AF89: מועצת עוטף עזה
A90: 89 | B90: =IF(C90="",IF(D90="",I90,"החווה של "&D90),IF(D90="",C90,C90&" - החווה של "&D90)) -> ברור חיל | I90: ברור חיל | J90: 428 | K90: קיבוץ | L90: שער הנגב | M90: הנגב | N90: 08-6806225 | R90: 9000 | V90: =IF(AND(S90="",T90=""),"",IFERROR(N(S90)*מקרא!$B$10+N(T90)*מקרא!$B$11,"")) | AB90: 31.5578 | AC90: 34.64669 | AD90: מפה | AE90: Waze | AF90: מועצת עוטף עזה
A91: 90 | B91: =IF(C91="",IF(D91="",I91,"החווה של "&D91),IF(D91="",C91,C91&" - החווה של "&D91)) -> גבים | I91: גבים | J91: 424 | K91: קיבוץ | L91: שער הנגב | M91: הנגב | N91: 08-6806225 | R91: 9000 | V91: =IF(AND(S91="",T91=""),"",IFERROR(N(S91)*מקרא!$B$10+N(T91)*מקרא!$B$11,"")) | AB91: 31.50688 | AC91: 34.59646 | AD91: מפה | AE91: Waze | AF91: מועצת עוטף עזה
A92: 91 | B92: =IF(C92="",IF(D92="",I92,"החווה של "&D92),IF(D92="",C92,C92&" - החווה של "&D92)) -> דורות | I92: דורות | J92: 336 | K92: קיבוץ | L92: שער הנגב | M92: הנגב | N92: 08-6806225 | R92: 9000 | V92: =IF(AND(S92="",T92=""),"",IFERROR(N(S92)*מקרא!$B$10+N(T92)*מקרא!$B$11,"")) | AB92: 31.50666 | AC92: 34.64499 | AD92: מפה | AE92: Waze | AF92: מועצת עוטף עזה
A93: 92 | B93: =IF(C93="",IF(D93="",I93,"החווה של "&D93),IF(D93="",C93,C93&" - החווה של "&D93)) -> כפר עזה | I93: כפר עזה | J93: 845 | K93: קיבוץ | L93: שער הנגב | M93: הנגב | N93: 08-6806225 | R93: 9000 | V93: =IF(AND(S93="",T93=""),"",IFERROR(N(S93)*מקרא!$B$10+N(T93)*מקרא!$B$11,"")) | AB93: 31.48356 | AC93: 34.53189 | AD93: מפה | AE93: Waze | AF93: מועצת עוטף עזה
A94: 93 | B94: =IF(C94="",IF(D94="",I94,"החווה של "&D94),IF(D94="",C94,C94&" - החווה של "&D94)) -> מפלסים | I94: מפלסים | J94: 668 | K94: קיבוץ | L94: שער הנגב | M94: הנגב | N94: 08-6806225 | R94: 9000 | V94: =IF(AND(S94="",T94=""),"",IFERROR(N(S94)*מקרא!$B$10+N(T94)*מקרא!$B$11,"")) | AB94: 31.50202 | AC94: 34.56134 | AD94: מפה | AE94: Waze | AF94: מועצת עוטף עזה
A95: 94 | B95: =IF(C95="",IF(D95="",I95,"החווה של "&D95),IF(D95="",C95,C95&" - החווה של "&D95)) -> נחל עוז | I95: נחל עוז | J95: 844 | K95: קיבוץ | L95: שער הנגב | M95: הנגב | N95: 08-6806225 | R95: 9000 | V95: =IF(AND(S95="",T95=""),"",IFERROR(N(S95)*מקרא!$B$10+N(T95)*מקרא!$B$11,"")) | AB95: 31.47274 | AC95: 34.49746 | AD95: מפה | AE95: Waze | AF95: מועצת עוטף עזה
A96: 95 | B96: =IF(C96="",IF(D96="",I96,"החווה של "&D96),IF(D96="",C96,C96&" - החווה של "&D96)) -> ניר עם | I96: ניר עם | J96: 348 | K96: קיבוץ | L96: שער הנגב | M96: הנגב | N96: 08-6806225 | R96: 9000 | V96: =IF(AND(S96="",T96=""),"",IFERROR(N(S96)*מקרא!$B$10+N(T96)*מקרא!$B$11,"")) | AB96: 31.51961 | AC96: 34.57975 | AD96: מפה | AE96: Waze | AF96: מועצת עוטף עזה
A97: 96 | B97: =IF(C97="",IF(D97="",I97,"החווה של "&D97),IF(D97="",C97,C97&" - החווה של "&D97)) -> רוחמה | I97: רוחמה | J97: 362 | K97: קיבוץ | L97: שער הנגב | M97: הנגב | N97: 08-6806225 | R97: 9000 | V97: =IF(AND(S97="",T97=""),"",IFERROR(N(S97)*מקרא!$B$10+N(T97)*מקרא!$B$11,"")) | AB97: 31.49789 | AC97: 34.70609 | AD97: מפה | AE97: Waze | AF97: מועצת עוטף עזה
A98: 97 | B98: =IF(C98="",IF(D98="",I98,"החווה של "&D98),IF(D98="",C98,C98&" - החווה של "&D98)) -> יכיני | I98: יכיני | J98: 811 | K98: מושב | L98: שער הנגב | M98: הנגב | N98: 08-6806225 | R98: 3250 | V98: =IF(AND(S98="",T98=""),"",IFERROR(N(S98)*מקרא!$B$10+N(T98)*מקרא!$B$11,"")) | AB98: 31.48273 | AC98: 34.59967 | AD98: מפה | AE98: Waze | AF98: מועצת עוטף עזה
A99: 98 | B99: =IF(C99="",IF(D99="",I99,"החווה של "&D99),IF(D99="",C99,C99&" - החווה של "&D99)) -> חוות השקמים | I99: חוות השקמים | K99: מושב | L99: שער הנגב | M99: הנגב | N99: 08-6806225 | R99: 3250 | V99: =IF(AND(S99="",T99=""),"",IFERROR(N(S99)*מקרא!$B$10+N(T99)*מקרא!$B$11,"")) | AD99: מפה | AE99: Waze | AF99: מועצת עוטף עזה
A100: 99 | B100: =IF(C100="",IF(D100="",I100,"החווה של "&D100),IF(D100="",C100,C100&" - החווה של "&D100)) -> גברעם | I100: גברעם | J100: 342 | K100: קיבוץ | L100: חוף אשקלון | M100: מישור החוף | N100: 08-6775555 | R100: 4000 | V100: =IF(AND(S100="",T100=""),"",IFERROR(N(S100)*מקרא!$B$10+N(T100)*מקרא!$B$11,"")) | AB100: 31.59146 | AC100: 34.61214 | AD100: מפה | AE100: Waze
A101: 100 | B101: =IF(C101="",IF(D101="",I101,"החווה של "&D101),IF(D101="",C101,C101&" - החווה של "&D101)) -> זיקים | I101: זיקים | J101: 584 | K101: קיבוץ | L101: חוף אשקלון | M101: מישור החוף | N101: 08-6775555 | R101: 4000 | V101: =IF(AND(S101="",T101=""),"",IFERROR(N(S101)*מקרא!$B$10+N(T101)*מקרא!$B$11,"")) | AB101: 31.60959 | AC101: 34.52171 | AD101: מפה | AE101: Waze
A102: 101 | B102: =IF(C102="",IF(D102="",I102,"החווה של "&D102),IF(D102="",C102,C102&" - החווה של "&D102)) -> יד מרדכי | I102: יד מרדכי | J102: 358 | K102: קיבוץ | L102: חוף אשקלון | M102: מישור החוף | N102: 08-6775555 | R102: 4000 | V102: =IF(AND(S102="",T102=""),"",IFERROR(N(S102)*מקרא!$B$10+N(T102)*מקרא!$B$11,"")) | AB102: 31.58895 | AC102: 34.55842 | AD102: מפה | AE102: Waze
A103: 102 | B103: =IF(C103="",IF(D103="",I103,"החווה של "&D103),IF(D103="",C103,C103&" - החווה של "&D103)) -> כרמיה | I103: כרמיה | J103: 768 | K103: קיבוץ | L103: חוף אשקלון | M103: מישור החוף | N103: 08-6775555 | R103: 4000 | V103: =IF(AND(S103="",T103=""),"",IFERROR(N(S103)*מקרא!$B$10+N(T103)*מקרא!$B$11,"")) | AB103: 31.6051 | AC103: 34.54187 | AD103: מפה | AE103: Waze
A104: 103 | B104: =IF(C104="",IF(D104="",I104,"החווה של "&D104),IF(D104="",C104,C104&" - החווה של "&D104)) -> ניצנים | I104: ניצנים | J104: 359 | K104: קיבוץ | L104: חוף אשקלון | M104: מישור החוף | N104: 08-6775555 | R104: 4000 | V104: =IF(AND(S104="",T104=""),"",IFERROR(N(S104)*מקרא!$B$10+N(T104)*מקרא!$B$11,"")) | AB104: 31.71746 | AC104: 34.63402 | AD104: מפה | AE104: Waze
A105: 104 | B105: =IF(C105="",IF(D105="",I105,"החווה של "&D105),IF(D105="",C105,C105&" - החווה של "&D105)) -> בית שקמה | I105: בית שקמה | J105: 747 | K105: מושב | L105: חוף אשקלון | M105: מישור החוף | N105: 08-6775555 | R105: 1900 | V105: =IF(AND(S105="",T105=""),"",IFERROR(N(S105)*מקרא!$B$10+N(T105)*מקרא!$B$11,"")) | AB105: 31.63789 | AC105: 34.60763 | AD105: מפה | AE105: Waze
A106: 105 | B106: =IF(C106="",IF(D106="",I106,"החווה של "&D106),IF(D106="",C106,C106&" - החווה של "&D106)) -> ברכיה | I106: ברכיה | J106: 746 | K106: מושב | L106: חוף אשקלון | M106: מישור החוף | N106: 08-6775555 | R106: 1900 | V106: =IF(AND(S106="",T106=""),"",IFERROR(N(S106)*מקרא!$B$10+N(T106)*מקרא!$B$11,"")) | AB106: 31.66926 | AC106: 34.62535 | AD106: מפה | AE106: Waze
A107: 106 | B107: =IF(C107="",IF(D107="",I107,"החווה של "&D107),IF(D107="",C107,C107&" - החווה של "&D107)) -> גיאה | I107: גיאה | J107: 706 | K107: מושב | L107: חוף אשקלון | M107: מישור החוף | N107: 08-6775555 | R107: 1900 | V107: =IF(AND(S107="",T107=""),"",IFERROR(N(S107)*מקרא!$B$10+N(T107)*מקרא!$B$11,"")) | AB107: 31.62767 | AC107: 34.60327 | AD107: מפה | AE107: Waze
A108: 107 | B108: =IF(C108="",IF(D108="",I108,"החווה של "&D108),IF(D108="",C108,C108&" - החווה של "&D108)) -> הודיה | I108: הודיה | J108: 726 | K108: מושב | L108: חוף אשקלון | M108: מישור החוף | N108: 08-6775555 | R108: 1900 | V108: =IF(AND(S108="",T108=""),"",IFERROR(N(S108)*מקרא!$B$10+N(T108)*מקרא!$B$11,"")) | AB108: 31.67492 | AC108: 34.64072 | AD108: מפה | AE108: Waze
A109: 108 | B109: =IF(C109="",IF(D109="",I109,"החווה של "&D109),IF(D109="",C109,C109&" - החווה של "&D109)) -> חלץ | I109: חלץ | J109: 820 | K109: מושב | L109: חוף אשקלון | M109: מישור החוף | N109: 08-6775555 | R109: 1900 | V109: =IF(AND(S109="",T109=""),"",IFERROR(N(S109)*מקרא!$B$10+N(T109)*מקרא!$B$11,"")) | AB109: 31.57796 | AC109: 34.65847 | AD109: מפה | AE109: Waze
A110: 109 | B110: =IF(C110="",IF(D110="",I110,"החווה של "&D110),IF(D110="",C110,C110&" - החווה של "&D110)) -> כוכב מיכאל | I110: כוכב מיכאל | J110: 824 | K110: מושב | L110: חוף אשקלון | M110: מישור החוף | N110: 08-6775555 | R110: 1900 | V110: =IF(AND(S110="",T110=""),"",IFERROR(N(S110)*מקרא!$B$10+N(T110)*מקרא!$B$11,"")) | AB110: 31.62941 | AC110: 34.66882 | AD110: מפה | AE110: Waze
A111: 110 | B111: =IF(C111="",IF(D111="",I111,"החווה של "&D111),IF(D111="",C111,C111&" - החווה של "&D111)) -> משען | I111: משען | J111: 791 | K111: מושב | L111: חוף אשקלון | M111: מישור החוף | N111: 08-6775555 | R111: 1900 | V111: =IF(AND(S111="",T111=""),"",IFERROR(N(S111)*מקרא!$B$10+N(T111)*מקרא!$B$11,"")) | AB111: 31.65717 | AC111: 34.62364 | AD111: מפה | AE111: Waze
... A176: 175 | B176: =IF(C176="",IF(D176="",I176,"החווה של "&D176),IF(D176="",C176,C176&" - החווה של "&D176)) -> הר עמשא | I176: הר עמשא | J176: 1261 | K176: מושב שיתופי | L176: תמר | M176: ים המלח | N176: 08-6688989 | R176: 6000 | V176: =IF(AND(S176="",T176=""),"",IFERROR(N(S176)*מקרא!$B$10+N(T176)*מקרא!$B$11,"")) | AB176: 31.34342 | AC176: 35.10202 | AD176: מפה | AE176: Waze
A177: 176 | B177: =IF(C177="",IF(D177="",I177,"החווה של "&D177),IF(D177="",C177,C177&" - החווה של "&D177)) -> עידן | I177: עידן | J177: 1175 | K177: מושב | L177: הערבה התיכונה | M177: הערבה | R177: 1250 | V177: =IF(AND(S177="",T177=""),"",IFERROR(N(S177)*מקרא!$B$10+N(T177)*מקרא!$B$11,"")) | AB177: 30.80659 | AC177: 35.30041 | AD177: מפה | AE177: Waze
A178: 177 | B178: =IF(C178="",IF(D178="",I178,"החווה של "&D178),IF(D178="",C178,C178&" - החווה של "&D178)) -> חצבה | I178: חצבה | J178: 13 | K178: מושב | L178: הערבה התיכונה | M178: הערבה | R178: 1250 | V178: =IF(AND(S178="",T178=""),"",IFERROR(N(S178)*מקרא!$B$10+N(T178)*מקרא!$B$11,"")) | AB178: 30.76836 | AC178: 35.27979 | AD178: מפה | AE178: Waze
A179: 178 | B179: =IF(C179="",IF(D179="",I179,"החווה של "&D179),IF(D179="",C179,C179&" - החווה של "&D179)) -> עין יהב | I179: עין יהב | J179: 806 | K179: מושב | L179: הערבה התיכונה | M179: הערבה | R179: 1250 | V179: =IF(AND(S179="",T179=""),"",IFERROR(N(S179)*מקרא!$B$10+N(T179)*מקרא!$B$11,"")) | AB179: 30.65807 | AC179: 35.23745 | AD179: מפה | AE179: Waze
A180: 179 | B180: =IF(C180="",IF(D180="",I180,"החווה של "&D180),IF(D180="",C180,C180&" - החווה של "&D180)) -> צופר | I180: צופר | J180: 1150 | K180: מושב | L180: הערבה התיכונה | M180: הערבה | R180: 1250 | V180: =IF(AND(S180="",T180=""),"",IFERROR(N(S180)*מקרא!$B$10+N(T180)*מקרא!$B$11,"")) | AB180: 30.56029 | AC180: 35.18061 | AD180: מפה | AE180: Waze
A181: 180 | B181: =IF(C181="",IF(D181="",I181,"החווה של "&D181),IF(D181="",C181,C181&" - החווה של "&D181)) -> פארן | I181: פארן | J181: 1151 | K181: מושב | L181: הערבה התיכונה | M181: הערבה | R181: 1250 | V181: =IF(AND(S181="",T181=""),"",IFERROR(N(S181)*מקרא!$B$10+N(T181)*מקרא!$B$11,"")) | AB181: 30.36319 | AC181: 35.15455 | AD181: מפה | AE181: Waze
A182: 181 | B182: =IF(C182="",IF(D182="",I182,"החווה של "&D182),IF(D182="",C182,C182&" - החווה של "&D182)) -> ספיר | I182: ספיר | J182: 1176 | K182: יישוב קהילתי | L182: הערבה התיכונה | M182: הערבה | R182: 475 | V182: =IF(AND(S182="",T182=""),"",IFERROR(N(S182)*מקרא!$B$10+N(T182)*מקרא!$B$11,"")) | AB182: 30.61468 | AC182: 35.18425 | AD182: מפה | AE182: Waze
A183: 182 | B183: =IF(C183="",IF(D183="",I183,"החווה של "&D183),IF(D183="",C183,C183&" - החווה של "&D183)) -> צוקים | I183: צוקים | J183: 1262 | K183: יישוב קהילתי | L183: הערבה התיכונה | M183: הערבה | R183: 475 | V183: =IF(AND(S183="",T183=""),"",IFERROR(N(S183)*מקרא!$B$10+N(T183)*מקרא!$B$11,"")) | AB183: 30.49119 | AC183: 35.16625 | AD183: מפה | AE183: Waze
A184: 183 | B184: =IF(C184="",IF(D184="",I184,"החווה של "&D184),IF(D184="",C184,C184&" - החווה של "&D184)) -> אילות | I184: אילות | J184: 1126 | K184: קיבוץ | L184: חבל אילות | M184: אילת | N184: 08-6355888 | R184: 1500 | V184: =IF(AND(S184="",T184=""),"",IFERROR(N(S184)*מקרא!$B$10+N(T184)*מקרא!$B$11,"")) | AB184: 29.58141 | AC184: 34.96276 | AD184: מפה | AE184: Waze
A185: 184 | B185: =IF(C185="",IF(D185="",I185,"החווה של "&D185),IF(D185="",C185,C185&" - החווה של "&D185)) -> אליפז | I185: אליפז | J185: 1248 | K185: קיבוץ | L185: חבל אילות | M185: אילת | N185: 08-6355888 | R185: 1500 | V185: =IF(AND(S185="",T185=""),"",IFERROR(N(S185)*מקרא!$B$10+N(T185)*מקרא!$B$11,"")) | AB185: 29.79502 | AC185: 35.01127 | AD185: מפה | AE185: Waze
A186: 185 | B186: =IF(C186="",IF(D186="",I186,"החווה של "&D186),IF(D186="",C186,C186&" - החווה של "&D186)) -> גרופית | I186: גרופית | J186: 1129 | K186: קיבוץ | L186: חבל אילות | M186: אילת | N186: 08-6355888 | R186: 1500 | V186: =IF(AND(S186="",T186=""),"",IFERROR(N(S186)*מקרא!$B$10+N(T186)*מקרא!$B$11,"")) | AB186: 29.94114 | AC186: 35.06444 | AD186: מפה | AE186: Waze
A187: 186 | B187: =IF(C187="",IF(D187="",I187,"החווה של "&D187),IF(D187="",C187,C187&" - החווה של "&D187)) -> יהל | I187: יהל | J187: 1158 | K187: קיבוץ | L187: חבל אילות | M187: אילת | N187: 08-6355888 | R187: 1500 | V187: =IF(AND(S187="",T187=""),"",IFERROR(N(S187)*מקרא!$B$10+N(T187)*מקרא!$B$11,"")) | AB187: 30.08354 | AC187: 35.12824 | AD187: מפה | AE187: Waze
A188: 187 | B188: =IF(C188="",IF(D188="",I188,"החווה של "&D188),IF(D188="",C188,C188&" - החווה של "&D188)) -> יטבתה | I188: יטבתה | J188: 866 | K188: קיבוץ | L188: חבל אילות | M188: אילת | N188: 08-6355888 | R188: 1500 | V188: =IF(AND(S188="",T188=""),"",IFERROR(N(S188)*מקרא!$B$10+N(T188)*מקרא!$B$11,"")) | AB188: 29.89504 | AC188: 35.06015 | AD188: מפה | AE188: Waze
A189: 188 | B189: =IF(C189="",IF(D189="",I189,"החווה של "&D189),IF(D189="",C189,C189&" - החווה של "&D189)) -> לוטן | I189: לוטן | J189: 1255 | K189: קיבוץ | L189: חבל אילות | M189: אילת | N189: 08-6355888 | R189: 1500 | V189: =IF(AND(S189="",T189=""),"",IFERROR(N(S189)*מקרא!$B$10+N(T189)*מקרא!$B$11,"")) | AB189: 29.98771 | AC189: 35.08707 | AD189: מפה | AE189: Waze
A190: 189 | B190: =IF(C190="",IF(D190="",I190,"החווה של "&D190),IF(D190="",C190,C190&" - החווה של "&D190)) -> נאות סמדר | I190: נאות סמדר | J190: 1197 | K190: קיבוץ | L190: חבל אילות | M190: אילת | N190: 08-6355888 | R190: 1500 | V190: =IF(AND(S190="",T190=""),"",IFERROR(N(S190)*מקרא!$B$10+N(T190)*מקרא!$B$11,"")) | AB190: 30.0497 | AC190: 35.02665 | AD190: מפה | AE190: Waze
A191: 190 | B191: =IF(C191="",IF(D191="",I191,"החווה של "&D191),IF(D191="",C191,C191&" - החווה של "&D191)) -> נווה חריף | I191: נווה חריף | J191: 1279 | K191: קיבוץ | L191: חבל אילות | M191: אילת | N191: 08-6355888 | R191: 1500 | V191: =IF(AND(S191="",T191=""),"",IFERROR(N(S191)*מקרא!$B$10+N(T191)*מקרא!$B$11,"")) | AB191: 30.03799 | AC191: 35.03724 | AD191: מפה | AE191: Waze
A192: 191 | B192: =IF(C192="",IF(D192="",I192,"החווה של "&D192),IF(D192="",C192,C192&" - החווה של "&D192)) -> סמר | I192: סמר | J192: 1156 | K192: קיבוץ | L192: חבל אילות | M192: אילת | N192: 08-6355888 | R192: 1500 | V192: =IF(AND(S192="",T192=""),"",IFERROR(N(S192)*מקרא!$B$10+N(T192)*מקרא!$B$11,"")) | AB192: 29.83229 | AC192: 35.02248 | AD192: מפה | AE192: Waze
A193: 192 | B193: =IF(C193="",IF(D193="",I193,"החווה של "&D193),IF(D193="",C193,C193&" - החווה של "&D193)) -> קטורה | I193: קטורה | J193: 1052 | K193: קיבוץ | L193: חבל אילות | M193: אילת | N193: 08-6355888 | R193: 1500 | V193: =IF(AND(S193="",T193=""),"",IFERROR(N(S193)*מקרא!$B$10+N(T193)*מקרא!$B$11,"")) | AB193: 29.96991 | AC193: 35.06098 | AD193: מפה | AE193: Waze
A194: 193 | B194: =IF(C194="",IF(D194="",I194,"החווה של "&D194),IF(D194="",C194,C194&" - החווה של "&D194)) -> באר אורה | I194: באר אורה | J194: 21 | K194: יישוב קהילתי | L194: חבל אילות | M194: אילת | N194: 08-6355888 | R194: 350 | V194: =IF(AND(S194="",T194=""),"",IFERROR(N(S194)*מקרא!$B$10+N(T194)*מקרא!$B$11,"")) | AB194: 29.71073 | AC194: 34.98663 | AD194: מפה | AE194: Waze
A195: 194 | B195: =IF(C195="",IF(D195="",I195,"החווה של "&D195),IF(D195="",C195,C195&" - החווה של "&D195)) -> שחרות | I195: שחרות | J195: 1266 | K195: יישוב קהילתי | L195: חבל אילות | M195: אילת | N195: 08-6355888 | R195: 350 | V195: =IF(AND(S195="",T195=""),"",IFERROR(N(S195)*מקרא!$B$10+N(T195)*מקרא!$B$11,"")) | AB195: 29.90434 | AC195: 34.99988 | AD195: מפה | AE195: Waze
A196: 195 | B196: =IF(C196="",IF(D196="",I196,"החווה של "&D196),IF(D196="",C196,C196&" - החווה של "&D196)) -> בית יתיר | I196: בית יתיר | K196: מושב שיתופי | L196: הר חברון | M196: יהודה | N196: 02-9969111 | R196: 6000 | V196: =IF(AND(S196="",T196=""),"",IFERROR(N(S196)*מקרא!$B$10+N(T196)*מקרא!$B$11,"")) | AD196: מפה | AE196: Waze
A197: 196 | B197: =IF(C197="",IF(D197="",I197,"החווה של "&D197),IF(D197="",C197,C197&" - החווה של "&D197)) -> כרמל | I197: כרמל | J197: 3656 | K197: מושב שיתופי | L197: הר חברון | M197: יהודה | N197: 02-9969111 | R197: 6000 | V197: =IF(AND(S197="",T197=""),"",IFERROR(N(S197)*מקרא!$B$10+N(T197)*מקרא!$B$11,"")) | AB197: 31.43149 | AC197: 35.18271 | AD197: מפה | AE197: Waze
A198: 197 | B198: =IF(C198="",IF(D198="",I198,"החווה של "&D198),IF(D198="",C198,C198&" - החווה של "&D198)) -> מעון | I198: מעון | J198: 3657 | K198: מושב שיתופי | L198: הר חברון | M198: יהודה | N198: 02-9969111 | R198: 6000 | V198: =IF(AND(S198="",T198=""),"",IFERROR(N(S198)*מקרא!$B$10+N(T198)*מקרא!$B$11,"")) | AB198: 31.41362 | AC198: 35.16378 | AD198: מפה | AE198: Waze
A199: 198 | B199: =IF(C199="",IF(D199="",I199,"החווה של "&D199),IF(D199="",C199,C199&" - החווה של "&D199)) -> חוות בודדים — הר חברון | I199: חוות בודדים — הר חברון | K199: חוות בודדים | L199: הר חברון | M199: יהודה | N199: 02-9969111 | R199: 17500 | V199: =IF(AND(S199="",T199=""),"",IFERROR(N(S199)*מקרא!$B$10+N(T199)*מקרא!$B$11,"")) | AD199: מפה | AE199: Waze | AF199: לבקש את הרשימה מהמועצה — מרעה נרחב

Sheet רשימות
A1: סוג הישות המשפטית | B1: סוג פעילות | C1: הסכם רעיה/חכירה | D1: סטטוס | E1: עדיפות
A2: חקלאי פרטי | B2: מעובד | C2: חוזה חכירה לדורות | D2: לא נוצר קשר | E2: 1
A3: אגודה שיתופית | B3: מרעה | C3: חוזה שכירות משבצת (תלת-צדדי) | D3: ליצירת קשר | E3: 2
A4: גד״ש | B4: מעורב | C4: הסכם הרשאה לרעייה | D4: נוצר קשר | E4: 3
A5: שח״ם | B5: לא ידוע | C5: הסכם הרשאה זמני | D5: בוקרה
A6: קיבוץ | C6: הצהרת חקלאים בלבד | D6: הסכמה נחתמה
A7: מושב | C7: אין מסמך | D7: לא רלוונטי
A8: רועה/בעל עדר | C8: לא ידוע
A9: לא ידוע
A12: ניתן להוסיף ערכים בהמשך כל עמודה — יופיעו אוטומטית ברשימות.
